
CREATE DATABASE QLBH
GO
USE QLBH
GO

CREATE TABLE ITEM
(
	IDITEM NVARCHAR(100) PRIMARY KEY NOT NULL,
	NAMEITEM NVARCHAR(100),
	PRICE FLOAT,
	TOTAL INT,
)

GO

CREATE TABLE ACCOUNT
(
	USERNAME VARCHAR(100) PRIMARY KEY,
	PASSWORD VARCHAR(100),
	DISPLAYNAME NVARCHAR(100),
	TYPE INT
)
GO
INSERT ACCOUNT (USERNAME, PASSWORD, DISPLAYNAME, TYPE) VALUES ('admin', 'admin',N'admin',1)
GO

CREATE TABLE BILL
(
	IDBILL INT IDENTITY PRIMARY KEY NOT NULL,
	USERNAME VARCHAR(100) FOREIGN KEY REFERENCES ACCOUNT(USERNAME),
	STATUS INT,
	DISCOUNT INT,
	TOTALPRICE FLOAT,
	DATE DATETIME
)
GO


CREATE TABLE BILLINFO
(
	IDBILLINFO INT IDENTITY PRIMARY KEY NOT NULL,
	IDBILL INT FOREIGN KEY REFERENCES BILL(IDBILL),
	IDITEM NVARCHAR(100) FOREIGN KEY REFERENCES ITEM(IDITEM),
	COUNT INT
)

GO


CREATE PROC USP_LOGIN
@USERNAME VARCHAR(100), @PASSWORD VARCHAR(1000)
AS
BEGIN
	SELECT *FROM ACCOUNT WHERE USERNAME = @USERNAME AND PASSWORD = @PASSWORD
END
GO

CREATE PROC USP_INSERTBILL
@USERNAME VARCHAR(100)
AS
BEGIN
	INSERT BILL
	(
		USERNAME,
		DATE,
		STATUS,
		DISCOUNT
	)
	VALUES
	(
		@USERNAME,
		GETDATE(),
		0,
		0
	)
END
GO
CREATE PROC USP_INSERTBILLINFO
@IDBILL INT, @IDITEM NVARCHAR(100) , @COUNT INT
AS
BEGIN
	DECLARE @ISEXITSBILLINFO INT
	DECLARE @ITEMCOUNT INT = 1

	SELECT @ISEXITSBILLINFO = IDBILLINFO, @ITEMCOUNT = B.COUNT FROM BILLINFO AS B WHERE IDBILL = @IDBILL AND IDITEM = @IDITEM

	IF(@ISEXITSBILLINFO > 0)
	BEGIN
		DECLARE @NEWCOUNT INT = @ITEMCOUNT + @COUNT
		IF(@NEWCOUNT > 0)
			UPDATE BILLINFO SET COUNT = @ITEMCOUNT + @COUNT WHERE IDITEM = @IDITEM AND IDBILL = @IDBILL -- thiếu idbill = @idbill
		ELSE
			DELETE BILLINFO WHERE IDBILL = @IDBILL AND IDITEM = @IDITEM
	END
	ELSE
	BEGIN
		IF(@COUNT < 0)
			GOTO END1
		ELSE
		BEGIN
		INSERT BILLINFO
		(
		IDBILL,
		IDITEM,
		COUNT
		)
		VALUES
		(
		@IDBILL,
		@IDITEM,
		@COUNT
		)
		END
	END
	END1: -- THEM 1 DONG CODE CHO HET END
END

GO

-- DEMO
--SELECT B.IDBILL, A.USERNAME, DATE, DISCOUNT, B.TOTALPRICE
--FROM BILL AS B, ACCOUNT AS A
--WHERE DATE BETWEEN '20191020' AND '20191023' AND STATUS = 1
--AND B.IDACCOUNT = A.ID
-- DEMO
--SELECT TOTAL FROM ITEM WHERE IDITEM = 'K1'
--UPDATE ITEM SET TOTAL = TOTAL + 52 WHERE IDITEM = 'K1'
--SELECT IDITEM, COUNT FROM BILLINFO WHERE IDBILL = 71


CREATE PROC USP_GETLISTBILLBYDATE -- XEM  TỪ NGÀY 22 ĐẾN 23 LÀ XEM TRONG NGÀY 22, NÊN MUỐM XEM 22 PHẢI CHỌN FROM 22 TO 23
@FROMDATE DATE, @TODATE DATE
AS
BEGIN
	SELECT A.USERNAME AS [NGƯỜI TẠO], B.IDBILL AS [SỐ HÓA ĐƠN], B.TOTALPRICE AS [DOANH THU], B.DISCOUNT AS [GIẢM GIÁ], B.DATE AS [NGÀY TẠO]
	FROM ACCOUNT A, BILL B
	WHERE B.DATE >= @FROMDATE AND B.DATE <= @TODATE AND B.STATUS = 1 AND A.USERNAME = B.USERNAME
END

GO
CREATE PROC USP_GETLISTBILLBYDATEANDACCOUNT -- XEM CÙNG ĐIỀU KIỆN ACCOUNT
@FROMDATE DATE, @TODATE DATE, @ACCOUNT VARCHAR(100)
AS
BEGIN
	SELECT A.USERNAME AS [NGƯỜI TẠO], B.IDBILL AS [SỐ HÓA ĐƠN], B.TOTALPRICE AS [DOANH THU], B.DISCOUNT AS [GIẢM GIÁ], B.DATE AS [NGÀY TẠO]
	FROM ACCOUNT A, BILL B
	WHERE B.DATE >= @FROMDATE AND B.DATE <= @TODATE AND B.STATUS = 1 AND A.USERNAME = B.USERNAME AND B.USERNAME = @ACCOUNT
END
GO

CREATE PROC USP_GETLISTBILLBYDATEANDITEM -- XEM CÙNG ĐK IDITEM
@FROMDATE DATE, @TODATE DATE, @IDITEM NVARCHAR(100)
AS
BEGIN
	SELECT A.USERNAME AS [NGƯỜI TẠO], BI.IDBILL AS [SỐ HÓA ĐƠN], BI.IDITEM AS [MÃ HÀNG], BI.COUNT AS [SỐ LƯỢNG], BI.COUNT * I.PRICE AS [DOANH THU], B.DATE AS [NGÀY TẠO]
	FROM ACCOUNT A, BILLINFO BI, BILL B, ITEM I
	WHERE B.DATE >= @FROMDATE AND B.DATE <= @TODATE AND BI.IDITEM = @IDITEM AND B.STATUS = 1 AND A.USERNAME = B.USERNAME
	AND B.IDBILL = BI.IDBILL AND BI.IDITEM = I.IDITEM
END

GO
CREATE PROC USP_GETLISTBILLBYDATEANDITEMANDACCOUNT -- XEM CÙNG ĐK IDITEM VÀ ACCOUNT
@FROMDATE DATE, @TODATE DATE, @IDITEM NVARCHAR(100), @ACCOUNT VARCHAR(100) 
AS
BEGIN
	SELECT A.USERNAME AS [NGƯỜI TẠO], BI.IDBILL AS [SỐ HÓA ĐƠN], BI.IDITEM AS [MÃ HÀNG], BI.COUNT AS [SỐ LƯỢNG], BI.COUNT * I.PRICE AS [DOANH THU], B.DATE AS [NGÀY TẠO]
	FROM ACCOUNT A, BILLINFO BI, BILL B, ITEM I
	WHERE B.DATE >= @FROMDATE AND B.DATE <= @TODATE AND BI.IDITEM = @IDITEM AND B.STATUS = 1 AND A.USERNAME = B.USERNAME
	AND B.IDBILL = BI.IDBILL AND BI.IDITEM = I.IDITEM AND B.USERNAME = @ACCOUNT
END

--DEMO
--select convert(DATETIME,DATE,105) FROM BILL --103 FOR D/M/Y
--SELECT CONVERT(DATETIME, GETDATE(), 120) FROM BILL

GO
-- update acc
CREATE PROC USP_UPDATEACCOUNT
@USERNAME VARCHAR(100), @DISPLAYNAME NVARCHAR(100), @PASSWORD VARCHAR(100), @NEWPASSWORD VARCHAR(100)
AS
BEGIN
	DECLARE @ISRIGHTPASS INT = 0
	SELECT @ISRIGHTPASS = COUNT (*) FROM ACCOUNT WHERE USERNAME = @USERNAME AND PASSWORD = @PASSWORD

	IF(@ISRIGHTPASS = 1)
	BEGIN
		IF(@NEWPASSWORD = NULL OR @NEWPASSWORD = '')
		BEGIN
			UPDATE ACCOUNT SET DISPLAYNAME = @DISPLAYNAME WHERE USERNAME = @USERNAME
		END
		ELSE
			UPDATE ACCOUNT SET DISPLAYNAME = @DISPLAYNAME, PASSWORD = @NEWPASSWORD WHERE USERNAME = @USERNAME
	END
END
GO
--DEMO
-- INSERT ITEM (IDITEM, NAMEITEM, TOTAL, PRICE) VALUES (N'', N'',0,0)

-- UPDATE ITEM SET NAMEITEM = N'XA CHANH1', TOTAL = 1, PRICE = 220000 WHERE IDITEM = N'D03'


-- hàm to unsig 
CREATE FUNCTION [dbo].[fuConvertToUnsign1] ( @strInput NVARCHAR(4000) ) 
RETURNS NVARCHAR(4000) 
AS 
BEGIN 
	IF @strInput IS NULL 
		RETURN @strInput 
	IF @strInput = '' 
		RETURN @strInput 
	DECLARE @RT NVARCHAR(4000) 
	DECLARE @SIGN_CHARS NCHAR(136) 
	DECLARE @UNSIGN_CHARS NCHAR (136) 
	SET @SIGN_CHARS = N'ăâđêôơưàảãạáằẳẵặắầẩẫậấèẻẽẹéềểễệế ìỉĩịíòỏõọóồổỗộốờởỡợớùủũụúừửữựứỳỷỹỵý ĂÂĐÊÔƠƯÀẢÃẠÁẰẲẴẶẮẦẨẪẬẤÈẺẼẸÉỀỂỄỆẾÌỈĨỊÍ ÒỎÕỌÓỒỔỖỘỐỜỞỠỢỚÙỦŨỤÚỪỬỮỰỨỲỶỸỴÝ' +NCHAR(272)+ NCHAR(208) 
	SET @UNSIGN_CHARS = N'aadeoouaaaaaaaaaaaaaaaeeeeeeeeee iiiiiooooooooooooooouuuuuuuuuuyyyyy AADEOOUAAAAAAAAAAAAAAAEEEEEEEEEEIIIII OOOOOOOOOOOOOOOUUUUUUUUUUYYYYYDD' 
	DECLARE @COUNTER int 
	DECLARE @COUNTER1 int 
	SET @COUNTER = 1 
	WHILE (@COUNTER <=LEN(@strInput)) 
	BEGIN 
		SET @COUNTER1 = 1 
		WHILE (@COUNTER1 <=LEN(@SIGN_CHARS)+1) 
		BEGIN 
			IF UNICODE(SUBSTRING(@SIGN_CHARS, @COUNTER1,1)) = UNICODE(SUBSTRING(@strInput,@COUNTER ,1) ) 
			BEGIN 
				IF @COUNTER=1 
					SET @strInput = SUBSTRING(@UNSIGN_CHARS, @COUNTER1,1) + SUBSTRING(@strInput, @COUNTER+1,LEN(@strInput)-1) 
				ELSE 
					SET @strInput = SUBSTRING(@strInput, 1, @COUNTER-1) +SUBSTRING(@UNSIGN_CHARS, @COUNTER1,1) + SUBSTRING(@strInput, @COUNTER+1,LEN(@strInput)- @COUNTER) 
				BREAK 
			END 
			SET @COUNTER1 = @COUNTER1 +1 
		END 
		SET @COUNTER = @COUNTER +1 
	END 
	SET @strInput = replace(@strInput,' ','-') 
	RETURN @strInput 
END
GO

CREATE PROC USP_REPORT1
AS
BEGIN
	SELECT IDBILL AS [SỐ HÓA ĐƠN], B.IDITEM AS [MÃ SẢN PHẨM], I.NAMEITEM AS [TÊN SẢN PHẨM], COUNT AS [SỐ LƯỢNG], COUNT * I.PRICE AS [THÀNH TIỀN]
	FROM BILLINFO B, ITEM I
	WHERE B.IDITEM = I.IDITEM AND IDBILL IN
	(
		SELECT IDBILL FROM BILL
		WHERE YEAR(DATE) = YEAR(GETDATE()) AND MONTH(DATE) = MONTH(GETDATE()) AND DAY(DATE) = DAY(GETDATE())
	)
END
GO

CREATE PROC USP_REPORT2
AS
BEGIN
	SELECT IDBILL AS [SỐ HÓA ĐƠN], USERNAME AS [NGƯỜI TẠO], TOTALPRICE AS [TỔNG CỘNG], DISCOUNT AS [GIẢM GIÁ], DATE AS [NGÀY TẠO]
	FROM BILL
	WHERE YEAR(DATE) = YEAR(GETDATE()) AND MONTH(DATE) = MONTH(GETDATE()) AND DAY(DATE) = DAY(GETDATE())
END
GO

CREATE PROC USP_REPORT3
AS
BEGIN
	SELECT DAY(DATE), MONTH(DATE), YEAR(DATE), SUM(TOTALPRICE)
	FROM BILL
	WHERE YEAR(DATE) = YEAR(GETDATE()) AND MONTH(DATE) = MONTH(GETDATE())
	GROUP BY YEAR(DATE), MONTH(DATE), DAY(DATE)
	ORDER BY DAY(DATE) DESC
END
GO

CREATE PROC USP_REPORT4
AS
BEGIN
	SELECT SUM(TOTALPRICE)
	FROM BILL
	WHERE YEAR(DATE) = YEAR(GETDATE()) AND MONTH(DATE) = MONTH(GETDATE())
END
GO

-- tìm kiếm gần đúng 
--SELECT * FROM ITEM WHERE DBO.fuConvertToUnsign1(NAMEITEM) LIKE N'%' + DBO.fuConvertToUnsign1(N'LAI') + N'%' 
--UNION
--SELECT * FROM ITEM WHERE DBO.fuConvertToUnsign1(IDITEM) LIKE N'%' + DBO.fuConvertToUnsign1(N'K') + N'%' 


-- tìm cthd
--SELECT A.USERNAME AS [NGƯỜI BÁN], B.IDBILL AS [SỐ HÓA ĐƠN], BI.IDITEM AS [MÃ SẢN PHẨM], BI.COUNT AS [SỐ LƯỢNG], I.PRICE AS [GIÁ], BI.COUNT * I.PRICE AS [TỔNG CỘNG], B.DATE AS [NGÀY TẠO] 
--FROM BILLINFO BI, ITEM I, BILL B, ACCOUNT A
--WHERE BI.IDBILL = 36 AND BI.IDBILL = B.IDBILL AND BI.IDITEM = I.IDITEM AND A.USERNAME = B.USERNAME


--test
--UPDATE BILL SET USERNAME = '1' WHERE USERNAME = 'THAO'

--DELETE FROM ACCOUNT WHERE USERNAME = 'THAO'

--SELECT IDITEM, COUNT FROM BILLINFO WHERE IDBILL = 62
--UPDATE ITEM SET TOTAL = TOTAL + 2 WHERE IDITEM =  N'K2'
--SELECT IDBILL FROM BILL WHERE STATUS = 0
-- TEST DELETE BILLINFO WITH IDBILL AND IDITEM
--DELETE FROM BILLINFO WHERE IDBILL = 107 AND IDITEM = N'k3'
--SELECT COUNT FROM BILLINFO WHERE IDBILL = 107 AND IDITEM = 'D06'

--SELECT IDITEM FROM ITEM WHERE IDITEM = N'D03'

---- REPORT 1 -- BILLINFO TRONG NGÀY
/*SELECT IDBILL AS [SỐ HÓA ĐƠN], B.IDITEM AS [MÃ SẢN PHẨM], I.NAMEITEM AS [TÊN SẢN PHẨM], COUNT AS [SỐ LƯỢNG], COUNT * I.PRICE AS [THÀNH TIỀN]
FROM BILLINFO B, ITEM I
WHERE B.IDITEM = I.IDITEM AND IDBILL IN
(
	SELECT IDBILL FROM BILL
	WHERE YEAR(DATE) = YEAR(GETDATE()) AND MONTH(DATE) = MONTH(GETDATE()) AND DAY(DATE) = DAY(GETDATE())
)

--REPORT 2 -- BILL TRONG NGÀY

SELECT IDBILL AS [SỐ HÓA ĐƠN], USERNAME AS [NGƯỜI TẠO], TOTALPRICE AS [TỔNG CỘNG], DISCOUNT AS [GIẢM GIÁ], DATE AS [NGÀY TẠO]
FROM BILL
WHERE YEAR(DATE) = YEAR(GETDATE()) AND MONTH(DATE) = MONTH(GETDATE()) AND DAY(DATE) = DAY(GETDATE())

-- REPORT 3 -- DOANH THU CÁC NGÀY TRONG THÁNG
SELECT DAY(DATE), MONTH(DATE), YEAR(DATE), SUM(TOTALPRICE)
FROM BILL
WHERE YEAR(DATE) = YEAR(GETDATE()) AND MONTH(DATE) = MONTH(GETDATE())
GROUP BY YEAR(DATE), MONTH(DATE), DAY(DATE)
ORDER BY DAY(DATE) DESC
-- REPORT 4 -- DOANH THU CỦA THÁNG
SELECT SUM(TOTALPRICE)
FROM BILL
WHERE YEAR(DATE) = YEAR(GETDATE()) AND MONTH(DATE) = MONTH(GETDATE())
*/










INSERT [dbo].[ACCOUNT] ([USERNAME], [PASSWORD], [DISPLAYNAME], [TYPE]) VALUES (N'1', N'1', N'admin123', 1)
INSERT [dbo].[ACCOUNT] ([USERNAME], [PASSWORD], [DISPLAYNAME], [TYPE]) VALUES (N'ngan', N'1', N'ngan nguyen', 0)
INSERT [dbo].[ACCOUNT] ([USERNAME], [PASSWORD], [DISPLAYNAME], [TYPE]) VALUES (N'NHAN', N'nhan', N'NHAN', 0)
INSERT [dbo].[ACCOUNT] ([USERNAME], [PASSWORD], [DISPLAYNAME], [TYPE]) VALUES (N'thao', N'1', N'Thao', 0)
GO
INSERT [dbo].[ITEM] ([IDITEM], [NAMEITEM], [PRICE], [TOTAL]) VALUES (N'D03', N'XA CHANH', 220000, 0)
INSERT [dbo].[ITEM] ([IDITEM], [NAMEITEM], [PRICE], [TOTAL]) VALUES (N'D04', N'Hoa Lài', 230000, 26)
INSERT [dbo].[ITEM] ([IDITEM], [NAMEITEM], [PRICE], [TOTAL]) VALUES (N'D05', N'Zippo USA', 420000, 0)
INSERT [dbo].[ITEM] ([IDITEM], [NAMEITEM], [PRICE], [TOTAL]) VALUES (N'D06', N'Zippo EU', 530000, 64)
INSERT [dbo].[ITEM] ([IDITEM], [NAMEITEM], [PRICE], [TOTAL]) VALUES (N'K1', N'CAM THACH', 30000, 11)
INSERT [dbo].[ITEM] ([IDITEM], [NAMEITEM], [PRICE], [TOTAL]) VALUES (N'K2', N'MAT HO1', 40000, 52)
INSERT [dbo].[ITEM] ([IDITEM], [NAMEITEM], [PRICE], [TOTAL]) VALUES (N'k3', N'Hải sâm', 670000, 46)
INSERT [dbo].[ITEM] ([IDITEM], [NAMEITEM], [PRICE], [TOTAL]) VALUES (N'L01', N'Búp bê baby s', 45000, -1)
INSERT [dbo].[ITEM] ([IDITEM], [NAMEITEM], [PRICE], [TOTAL]) VALUES (N'LA03', N'LossLess', 450000, 32)
INSERT [dbo].[ITEM] ([IDITEM], [NAMEITEM], [PRICE], [TOTAL]) VALUES (N'LA04', N'Lập trình game', 2500000, 18)
INSERT [dbo].[ITEM] ([IDITEM], [NAMEITEM], [PRICE], [TOTAL]) VALUES (N'la123', N'Nắng ấm xa dần', 95000, 62)
INSERT [dbo].[ITEM] ([IDITEM], [NAMEITEM], [PRICE], [TOTAL]) VALUES (N'lttq', N'LAP TRINH TRUC QUAN', 90000, 82)
GO
SET IDENTITY_INSERT [dbo].[BILL] ON 
GO

INSERT [dbo].[BILL] ([IDBILL], [USERNAME], [STATUS], [DISCOUNT], [TOTALPRICE], [DATE]) VALUES (137, N'1', 1, 0, 560000, CAST(N'2019-11-26 01:16:02.607' AS DateTime))
INSERT [dbo].[BILL] ([IDBILL], [USERNAME], [STATUS], [DISCOUNT], [TOTALPRICE], [DATE]) VALUES (139, N'1', 1, 0, 1590000, CAST(N'2019-11-26 01:17:09.430' AS DateTime))
INSERT [dbo].[BILL] ([IDBILL], [USERNAME], [STATUS], [DISCOUNT], [TOTALPRICE], [DATE]) VALUES (140, N'1', 1, 0, 0, CAST(N'2019-11-26 01:20:40.533' AS DateTime))
INSERT [dbo].[BILL] ([IDBILL], [USERNAME], [STATUS], [DISCOUNT], [TOTALPRICE], [DATE]) VALUES (143, N'1', 1, 0, 530000, CAST(N'2019-11-29 00:26:47.927' AS DateTime))
INSERT [dbo].[BILL] ([IDBILL], [USERNAME], [STATUS], [DISCOUNT], [TOTALPRICE], [DATE]) VALUES (144, N'thao', 1, 0, 715000, CAST(N'2019-12-06 13:58:20.527' AS DateTime))
INSERT [dbo].[BILL] ([IDBILL], [USERNAME], [STATUS], [DISCOUNT], [TOTALPRICE], [DATE]) VALUES (146, N'1', 1, 0, 1155000, CAST(N'2019-12-06 14:05:58.657' AS DateTime))
INSERT [dbo].[BILL] ([IDBILL], [USERNAME], [STATUS], [DISCOUNT], [TOTALPRICE], [DATE]) VALUES (147, N'1', 1, 0, 1060000, CAST(N'2019-12-11 16:33:49.530' AS DateTime))
INSERT [dbo].[BILL] ([IDBILL], [USERNAME], [STATUS], [DISCOUNT], [TOTALPRICE], [DATE]) VALUES (149, N'1', 1, 0, 715000, CAST(N'2019-12-13 22:57:10.667' AS DateTime))
INSERT [dbo].[BILL] ([IDBILL], [USERNAME], [STATUS], [DISCOUNT], [TOTALPRICE], [DATE]) VALUES (150, N'1', 1, 0, 2685000, CAST(N'2019-12-13 22:57:25.003' AS DateTime))
INSERT [dbo].[BILL] ([IDBILL], [USERNAME], [STATUS], [DISCOUNT], [TOTALPRICE], [DATE]) VALUES (152, N'1', 1, 0, 1370000, CAST(N'2019-12-13 22:58:30.440' AS DateTime))
INSERT [dbo].[BILL] ([IDBILL], [USERNAME], [STATUS], [DISCOUNT], [TOTALPRICE], [DATE]) VALUES (154, N'1', 1, 0, 1980000, CAST(N'2019-12-19 21:02:24.577' AS DateTime))
INSERT [dbo].[BILL] ([IDBILL], [USERNAME], [STATUS], [DISCOUNT], [TOTALPRICE], [DATE]) VALUES (157, N'1', 1, 0, 40000, CAST(N'2019-12-20 21:50:55.490' AS DateTime))
INSERT [dbo].[BILL] ([IDBILL], [USERNAME], [STATUS], [DISCOUNT], [TOTALPRICE], [DATE]) VALUES (158, N'1', 1, 0, 45000, CAST(N'2019-12-20 22:52:16.933' AS DateTime))
INSERT [dbo].[BILL] ([IDBILL], [USERNAME], [STATUS], [DISCOUNT], [TOTALPRICE], [DATE]) VALUES (159, N'1', 1, 0, 45000, CAST(N'2019-12-20 22:56:39.663' AS DateTime))
INSERT [dbo].[BILL] ([IDBILL], [USERNAME], [STATUS], [DISCOUNT], [TOTALPRICE], [DATE]) VALUES (160, N'NHAN', 1, 0, 2820000, CAST(N'2019-12-22 00:43:23.987' AS DateTime))
INSERT [dbo].[BILL] ([IDBILL], [USERNAME], [STATUS], [DISCOUNT], [TOTALPRICE], [DATE]) VALUES (161, N'NHAN', 1, 0, 2545000, CAST(N'2019-12-22 00:44:21.923' AS DateTime))
INSERT [dbo].[BILL] ([IDBILL], [USERNAME], [STATUS], [DISCOUNT], [TOTALPRICE], [DATE]) VALUES (162, N'NHAN', 1, 0, 0, CAST(N'2019-12-22 00:44:36.450' AS DateTime))
INSERT [dbo].[BILL] ([IDBILL], [USERNAME], [STATUS], [DISCOUNT], [TOTALPRICE], [DATE]) VALUES (163, N'1', 1, 0, 2595000, CAST(N'2019-12-23 13:01:26.143' AS DateTime))
INSERT [dbo].[BILL] ([IDBILL], [USERNAME], [STATUS], [DISCOUNT], [TOTALPRICE], [DATE]) VALUES (164, N'1', 1, 0, 760000, CAST(N'2019-12-23 13:01:34.820' AS DateTime))
INSERT [dbo].[BILL] ([IDBILL], [USERNAME], [STATUS], [DISCOUNT], [TOTALPRICE], [DATE]) VALUES (165, N'1', 1, 0, 2480000, CAST(N'2019-12-23 13:21:33.597' AS DateTime))
INSERT [dbo].[BILL] ([IDBILL], [USERNAME], [STATUS], [DISCOUNT], [TOTALPRICE], [DATE]) VALUES (166, N'1', 1, 0, 45000, CAST(N'2019-12-23 15:31:52.643' AS DateTime))
INSERT [dbo].[BILL] ([IDBILL], [USERNAME], [STATUS], [DISCOUNT], [TOTALPRICE], [DATE]) VALUES (167, N'1', 1, 0, 410000, CAST(N'2019-12-23 15:36:33.577' AS DateTime))
INSERT [dbo].[BILL] ([IDBILL], [USERNAME], [STATUS], [DISCOUNT], [TOTALPRICE], [DATE]) VALUES (168, N'1', 1, 0, 7770000, CAST(N'2019-12-23 15:40:15.380' AS DateTime))
INSERT [dbo].[BILL] ([IDBILL], [USERNAME], [STATUS], [DISCOUNT], [TOTALPRICE], [DATE]) VALUES (169, N'1', 1, 0, 700000, CAST(N'2019-12-23 15:46:57.030' AS DateTime))
INSERT [dbo].[BILL] ([IDBILL], [USERNAME], [STATUS], [DISCOUNT], [TOTALPRICE], [DATE]) VALUES (170, N'1', 1, 0, 890000, CAST(N'2019-12-23 15:47:41.507' AS DateTime))
INSERT [dbo].[BILL] ([IDBILL], [USERNAME], [STATUS], [DISCOUNT], [TOTALPRICE], [DATE]) VALUES (171, N'1', 1, 0, 670000, CAST(N'2019-12-23 15:49:23.643' AS DateTime))
INSERT [dbo].[BILL] ([IDBILL], [USERNAME], [STATUS], [DISCOUNT], [TOTALPRICE], [DATE]) VALUES (172, N'1', 1, 0, 450000, CAST(N'2019-12-23 15:53:25.330' AS DateTime))
INSERT [dbo].[BILL] ([IDBILL], [USERNAME], [STATUS], [DISCOUNT], [TOTALPRICE], [DATE]) VALUES (173, N'1', 1, 0, 750000, CAST(N'2019-12-23 15:54:12.670' AS DateTime))
INSERT [dbo].[BILL] ([IDBILL], [USERNAME], [STATUS], [DISCOUNT], [TOTALPRICE], [DATE]) VALUES (174, N'1', 1, 0, 1130000, CAST(N'2019-12-23 16:09:15.580' AS DateTime))
INSERT [dbo].[BILL] ([IDBILL], [USERNAME], [STATUS], [DISCOUNT], [TOTALPRICE], [DATE]) VALUES (175, N'1', 1, 0, 135000, CAST(N'2019-12-23 16:17:14.020' AS DateTime))
INSERT [dbo].[BILL] ([IDBILL], [USERNAME], [STATUS], [DISCOUNT], [TOTALPRICE], [DATE]) VALUES (176, N'1', 1, 0, 45000, CAST(N'2019-12-23 16:17:21.947' AS DateTime))
INSERT [dbo].[BILL] ([IDBILL], [USERNAME], [STATUS], [DISCOUNT], [TOTALPRICE], [DATE]) VALUES (177, N'1', 1, 90000, 45000, CAST(N'2019-12-23 16:18:30.880' AS DateTime))
INSERT [dbo].[BILL] ([IDBILL], [USERNAME], [STATUS], [DISCOUNT], [TOTALPRICE], [DATE]) VALUES (178, N'1', 1, 0, 30000, CAST(N'2019-12-23 16:29:19.883' AS DateTime))
INSERT [dbo].[BILL] ([IDBILL], [USERNAME], [STATUS], [DISCOUNT], [TOTALPRICE], [DATE]) VALUES (179, N'1', 1, 0, 670000, CAST(N'2019-12-23 16:32:01.690' AS DateTime))
INSERT [dbo].[BILL] ([IDBILL], [USERNAME], [STATUS], [DISCOUNT], [TOTALPRICE], [DATE]) VALUES (180, N'1', 1, 0, 45000, CAST(N'2019-12-23 16:34:32.400' AS DateTime))
INSERT [dbo].[BILL] ([IDBILL], [USERNAME], [STATUS], [DISCOUNT], [TOTALPRICE], [DATE]) VALUES (181, N'1', 1, 0, 510000, CAST(N'2019-12-23 16:51:47.943' AS DateTime))
INSERT [dbo].[BILL] ([IDBILL], [USERNAME], [STATUS], [DISCOUNT], [TOTALPRICE], [DATE]) VALUES (182, N'1', 1, 0, 670000, CAST(N'2019-12-23 16:52:27.410' AS DateTime))
INSERT [dbo].[BILL] ([IDBILL], [USERNAME], [STATUS], [DISCOUNT], [TOTALPRICE], [DATE]) VALUES (183, N'1', 1, 0, 715000, CAST(N'2019-12-23 20:49:12.047' AS DateTime))
INSERT [dbo].[BILL] ([IDBILL], [USERNAME], [STATUS], [DISCOUNT], [TOTALPRICE], [DATE]) VALUES (184, N'1', 1, 0, 670000, CAST(N'2019-12-23 20:49:35.717' AS DateTime))
INSERT [dbo].[BILL] ([IDBILL], [USERNAME], [STATUS], [DISCOUNT], [TOTALPRICE], [DATE]) VALUES (185, N'1', 1, 0, 670000, CAST(N'2019-12-23 20:50:01.910' AS DateTime))
INSERT [dbo].[BILL] ([IDBILL], [USERNAME], [STATUS], [DISCOUNT], [TOTALPRICE], [DATE]) VALUES (186, N'1', 1, 0, 40000, CAST(N'2019-12-23 20:50:36.483' AS DateTime))
INSERT [dbo].[BILL] ([IDBILL], [USERNAME], [STATUS], [DISCOUNT], [TOTALPRICE], [DATE]) VALUES (187, N'1', 1, 0, 45000, CAST(N'2019-12-23 20:50:51.763' AS DateTime))
INSERT [dbo].[BILL] ([IDBILL], [USERNAME], [STATUS], [DISCOUNT], [TOTALPRICE], [DATE]) VALUES (188, N'1', 1, 0, 450000, CAST(N'2019-12-23 20:51:32.020' AS DateTime))
INSERT [dbo].[BILL] ([IDBILL], [USERNAME], [STATUS], [DISCOUNT], [TOTALPRICE], [DATE]) VALUES (189, N'1', 1, 0, 40000, CAST(N'2019-12-23 20:52:14.263' AS DateTime))
INSERT [dbo].[BILL] ([IDBILL], [USERNAME], [STATUS], [DISCOUNT], [TOTALPRICE], [DATE]) VALUES (190, N'1', 1, 0, 530000, CAST(N'2019-12-23 20:52:41.003' AS DateTime))
INSERT [dbo].[BILL] ([IDBILL], [USERNAME], [STATUS], [DISCOUNT], [TOTALPRICE], [DATE]) VALUES (191, N'1', 1, 0, 2500000, CAST(N'2019-12-23 20:52:53.333' AS DateTime))
INSERT [dbo].[BILL] ([IDBILL], [USERNAME], [STATUS], [DISCOUNT], [TOTALPRICE], [DATE]) VALUES (192, N'1', 1, 0, 30000, CAST(N'2019-12-23 20:53:31.790' AS DateTime))
INSERT [dbo].[BILL] ([IDBILL], [USERNAME], [STATUS], [DISCOUNT], [TOTALPRICE], [DATE]) VALUES (193, N'1', 1, 0, 40000, CAST(N'2019-12-23 20:53:41.963' AS DateTime))
INSERT [dbo].[BILL] ([IDBILL], [USERNAME], [STATUS], [DISCOUNT], [TOTALPRICE], [DATE]) VALUES (194, N'1', 1, 0, 40000, CAST(N'2019-12-23 20:54:10.660' AS DateTime))
INSERT [dbo].[BILL] ([IDBILL], [USERNAME], [STATUS], [DISCOUNT], [TOTALPRICE], [DATE]) VALUES (195, N'1', 1, 0, 450000, CAST(N'2019-12-23 20:54:18.060' AS DateTime))
INSERT [dbo].[BILL] ([IDBILL], [USERNAME], [STATUS], [DISCOUNT], [TOTALPRICE], [DATE]) VALUES (196, N'1', 1, 0, 670000, CAST(N'2019-12-23 20:54:25.020' AS DateTime))
INSERT [dbo].[BILL] ([IDBILL], [USERNAME], [STATUS], [DISCOUNT], [TOTALPRICE], [DATE]) VALUES (197, N'1', 1, 0, 670000, CAST(N'2019-12-23 20:54:31.500' AS DateTime))
INSERT [dbo].[BILL] ([IDBILL], [USERNAME], [STATUS], [DISCOUNT], [TOTALPRICE], [DATE]) VALUES (198, N'1', 1, 0, 40000, CAST(N'2019-12-23 20:58:18.123' AS DateTime))
INSERT [dbo].[BILL] ([IDBILL], [USERNAME], [STATUS], [DISCOUNT], [TOTALPRICE], [DATE]) VALUES (199, N'1', 1, 0, 940000, CAST(N'2019-12-23 21:43:28.997' AS DateTime))
INSERT [dbo].[BILL] ([IDBILL], [USERNAME], [STATUS], [DISCOUNT], [TOTALPRICE], [DATE]) VALUES (200, N'1', 1, 0, 30000, CAST(N'2019-12-23 21:44:35.600' AS DateTime))
INSERT [dbo].[BILL] ([IDBILL], [USERNAME], [STATUS], [DISCOUNT], [TOTALPRICE], [DATE]) VALUES (201, N'1', 1, 0, 450000, CAST(N'2019-12-23 21:44:45.723' AS DateTime))
INSERT [dbo].[BILL] ([IDBILL], [USERNAME], [STATUS], [DISCOUNT], [TOTALPRICE], [DATE]) VALUES (202, N'1', 1, 0, 30000, CAST(N'2019-12-23 21:44:58.410' AS DateTime))
INSERT [dbo].[BILL] ([IDBILL], [USERNAME], [STATUS], [DISCOUNT], [TOTALPRICE], [DATE]) VALUES (203, N'1', 1, 0, 450000, CAST(N'2019-12-23 21:45:10.277' AS DateTime))
INSERT [dbo].[BILL] ([IDBILL], [USERNAME], [STATUS], [DISCOUNT], [TOTALPRICE], [DATE]) VALUES (204, N'1', 1, 0, 670000, CAST(N'2019-12-23 21:46:20.620' AS DateTime))
INSERT [dbo].[BILL] ([IDBILL], [USERNAME], [STATUS], [DISCOUNT], [TOTALPRICE], [DATE]) VALUES (205, N'1', 1, 0, 45000, CAST(N'2019-12-23 21:46:48.940' AS DateTime))
INSERT [dbo].[BILL] ([IDBILL], [USERNAME], [STATUS], [DISCOUNT], [TOTALPRICE], [DATE]) VALUES (206, N'1', 1, 0, 670000, CAST(N'2019-12-23 21:49:02.880' AS DateTime))
INSERT [dbo].[BILL] ([IDBILL], [USERNAME], [STATUS], [DISCOUNT], [TOTALPRICE], [DATE]) VALUES (207, N'1', 1, 0, 30000, CAST(N'2019-12-23 21:56:39.270' AS DateTime))
INSERT [dbo].[BILL] ([IDBILL], [USERNAME], [STATUS], [DISCOUNT], [TOTALPRICE], [DATE]) VALUES (208, N'1', 1, 0, 45000, CAST(N'2019-12-23 21:57:08.450' AS DateTime))
INSERT [dbo].[BILL] ([IDBILL], [USERNAME], [STATUS], [DISCOUNT], [TOTALPRICE], [DATE]) VALUES (209, N'1', 1, 0, 30000, CAST(N'2019-12-23 21:58:33.243' AS DateTime))
INSERT [dbo].[BILL] ([IDBILL], [USERNAME], [STATUS], [DISCOUNT], [TOTALPRICE], [DATE]) VALUES (210, N'1', 1, 0, 40000, CAST(N'2019-12-23 22:02:10.813' AS DateTime))
INSERT [dbo].[BILL] ([IDBILL], [USERNAME], [STATUS], [DISCOUNT], [TOTALPRICE], [DATE]) VALUES (211, N'1', 1, 0, 670000, CAST(N'2019-12-23 22:03:17.907' AS DateTime))
INSERT [dbo].[BILL] ([IDBILL], [USERNAME], [STATUS], [DISCOUNT], [TOTALPRICE], [DATE]) VALUES (212, N'1', 1, 0, 670000, CAST(N'2019-12-23 22:15:21.647' AS DateTime))
INSERT [dbo].[BILL] ([IDBILL], [USERNAME], [STATUS], [DISCOUNT], [TOTALPRICE], [DATE]) VALUES (213, N'1', 1, 0, 45000, CAST(N'2019-12-23 22:21:34.130' AS DateTime))
INSERT [dbo].[BILL] ([IDBILL], [USERNAME], [STATUS], [DISCOUNT], [TOTALPRICE], [DATE]) VALUES (214, N'1', 1, 0, 2540000, CAST(N'2019-12-23 22:30:57.677' AS DateTime))
INSERT [dbo].[BILL] ([IDBILL], [USERNAME], [STATUS], [DISCOUNT], [TOTALPRICE], [DATE]) VALUES (215, N'1', 1, 0, 670000, CAST(N'2019-12-23 22:39:08.373' AS DateTime))
INSERT [dbo].[BILL] ([IDBILL], [USERNAME], [STATUS], [DISCOUNT], [TOTALPRICE], [DATE]) VALUES (216, N'1', 1, 0, 670000, CAST(N'2019-12-23 22:40:43.250' AS DateTime))
INSERT [dbo].[BILL] ([IDBILL], [USERNAME], [STATUS], [DISCOUNT], [TOTALPRICE], [DATE]) VALUES (217, N'1', 1, 0, 45000, CAST(N'2019-12-23 22:44:52.270' AS DateTime))
INSERT [dbo].[BILL] ([IDBILL], [USERNAME], [STATUS], [DISCOUNT], [TOTALPRICE], [DATE]) VALUES (218, N'1', 1, 0, 40000, CAST(N'2019-12-23 22:45:25.010' AS DateTime))
INSERT [dbo].[BILL] ([IDBILL], [USERNAME], [STATUS], [DISCOUNT], [TOTALPRICE], [DATE]) VALUES (219, N'1', 1, 0, 715000, CAST(N'2019-12-23 22:46:07.203' AS DateTime))
INSERT [dbo].[BILL] ([IDBILL], [USERNAME], [STATUS], [DISCOUNT], [TOTALPRICE], [DATE]) VALUES (220, N'1', 1, 0, 30000, CAST(N'2019-12-23 22:57:39.067' AS DateTime))
INSERT [dbo].[BILL] ([IDBILL], [USERNAME], [STATUS], [DISCOUNT], [TOTALPRICE], [DATE]) VALUES (221, N'1', 1, 0, 40000, CAST(N'2019-12-26 13:00:24.490' AS DateTime))
INSERT [dbo].[BILL] ([IDBILL], [USERNAME], [STATUS], [DISCOUNT], [TOTALPRICE], [DATE]) VALUES (222, N'1', 1, 0, 30000, CAST(N'2019-12-26 13:03:30.230' AS DateTime))
INSERT [dbo].[BILL] ([IDBILL], [USERNAME], [STATUS], [DISCOUNT], [TOTALPRICE], [DATE]) VALUES (223, N'1', 1, 0, 670000, CAST(N'2019-12-26 13:06:24.333' AS DateTime))
INSERT [dbo].[BILL] ([IDBILL], [USERNAME], [STATUS], [DISCOUNT], [TOTALPRICE], [DATE]) VALUES (224, N'1', 1, 0, 30000, CAST(N'2019-12-26 13:23:41.190' AS DateTime))
INSERT [dbo].[BILL] ([IDBILL], [USERNAME], [STATUS], [DISCOUNT], [TOTALPRICE], [DATE]) VALUES (225, N'1', 1, 0, 670000, CAST(N'2019-12-26 13:25:17.703' AS DateTime))
INSERT [dbo].[BILL] ([IDBILL], [USERNAME], [STATUS], [DISCOUNT], [TOTALPRICE], [DATE]) VALUES (226, N'1', 1, 0, 670000, CAST(N'2019-12-26 13:27:36.650' AS DateTime))
INSERT [dbo].[BILL] ([IDBILL], [USERNAME], [STATUS], [DISCOUNT], [TOTALPRICE], [DATE]) VALUES (227, N'1', 1, 0, 670000, CAST(N'2019-12-26 13:31:21.590' AS DateTime))
INSERT [dbo].[BILL] ([IDBILL], [USERNAME], [STATUS], [DISCOUNT], [TOTALPRICE], [DATE]) VALUES (228, N'1', 1, 0, 670000, CAST(N'2019-12-26 13:32:41.980' AS DateTime))
INSERT [dbo].[BILL] ([IDBILL], [USERNAME], [STATUS], [DISCOUNT], [TOTALPRICE], [DATE]) VALUES (229, N'1', 1, 0, 530000, CAST(N'2019-12-26 14:00:38.377' AS DateTime))
INSERT [dbo].[BILL] ([IDBILL], [USERNAME], [STATUS], [DISCOUNT], [TOTALPRICE], [DATE]) VALUES (230, N'1', 1, 0, 40000, CAST(N'2019-12-26 14:01:32.507' AS DateTime))
INSERT [dbo].[BILL] ([IDBILL], [USERNAME], [STATUS], [DISCOUNT], [TOTALPRICE], [DATE]) VALUES (231, N'1', 1, 0, 670000, CAST(N'2019-12-26 14:04:25.380' AS DateTime))
INSERT [dbo].[BILL] ([IDBILL], [USERNAME], [STATUS], [DISCOUNT], [TOTALPRICE], [DATE]) VALUES (232, N'1', 1, 0, 2590000, CAST(N'2019-12-26 14:26:49.720' AS DateTime))
INSERT [dbo].[BILL] ([IDBILL], [USERNAME], [STATUS], [DISCOUNT], [TOTALPRICE], [DATE]) VALUES (233, N'1', 1, 0, 620000, CAST(N'2019-12-26 14:34:09.017' AS DateTime))
INSERT [dbo].[BILL] ([IDBILL], [USERNAME], [STATUS], [DISCOUNT], [TOTALPRICE], [DATE]) VALUES (234, N'NHAN', 1, 0, 845000, CAST(N'2019-12-26 15:36:32.430' AS DateTime))
INSERT [dbo].[BILL] ([IDBILL], [USERNAME], [STATUS], [DISCOUNT], [TOTALPRICE], [DATE]) VALUES (235, N'NHAN', 1, 0, 2500000, CAST(N'2019-12-26 15:36:45.473' AS DateTime))
INSERT [dbo].[BILL] ([IDBILL], [USERNAME], [STATUS], [DISCOUNT], [TOTALPRICE], [DATE]) VALUES (236, N'NHAN', 1, 0, 530000, CAST(N'2019-12-26 15:36:55.603' AS DateTime))
INSERT [dbo].[BILL] ([IDBILL], [USERNAME], [STATUS], [DISCOUNT], [TOTALPRICE], [DATE]) VALUES (237, N'ngan', 1, 0, 3560000, CAST(N'2019-12-26 15:38:29.677' AS DateTime))
INSERT [dbo].[BILL] ([IDBILL], [USERNAME], [STATUS], [DISCOUNT], [TOTALPRICE], [DATE]) VALUES (238, N'ngan', 1, 0, 95000, CAST(N'2019-12-26 15:38:56.220' AS DateTime))
INSERT [dbo].[BILL] ([IDBILL], [USERNAME], [STATUS], [DISCOUNT], [TOTALPRICE], [DATE]) VALUES (240, N'1', 1, 0, 660000, CAST(N'2019-12-26 15:41:29.480' AS DateTime))
INSERT [dbo].[BILL] ([IDBILL], [USERNAME], [STATUS], [DISCOUNT], [TOTALPRICE], [DATE]) VALUES (243, N'1', 1, 0, 420000, CAST(N'2019-12-26 15:52:25.007' AS DateTime))
GO
SET IDENTITY_INSERT [dbo].[BILL] OFF
GO
SET IDENTITY_INSERT [dbo].[BILLINFO] ON 
GO

INSERT [dbo].[BILLINFO] ([IDBILLINFO], [IDBILL], [IDITEM], [COUNT]) VALUES (170, 137, N'K1', 1)
INSERT [dbo].[BILLINFO] ([IDBILLINFO], [IDBILL], [IDITEM], [COUNT]) VALUES (171, 137, N'D06', 1)
INSERT [dbo].[BILLINFO] ([IDBILLINFO], [IDBILL], [IDITEM], [COUNT]) VALUES (174, 139, N'D06', 3)
INSERT [dbo].[BILLINFO] ([IDBILLINFO], [IDBILL], [IDITEM], [COUNT]) VALUES (177, 143, N'D06', 1)
INSERT [dbo].[BILLINFO] ([IDBILLINFO], [IDBILL], [IDITEM], [COUNT]) VALUES (179, 144, N'k3', 1)
INSERT [dbo].[BILLINFO] ([IDBILLINFO], [IDBILL], [IDITEM], [COUNT]) VALUES (180, 146, N'D06', 2)
INSERT [dbo].[BILLINFO] ([IDBILLINFO], [IDBILL], [IDITEM], [COUNT]) VALUES (183, 146, N'la123', 1)
INSERT [dbo].[BILLINFO] ([IDBILLINFO], [IDBILL], [IDITEM], [COUNT]) VALUES (184, 147, N'D06', 2)
INSERT [dbo].[BILLINFO] ([IDBILLINFO], [IDBILL], [IDITEM], [COUNT]) VALUES (185, 149, N'L01', 1)
INSERT [dbo].[BILLINFO] ([IDBILLINFO], [IDBILL], [IDITEM], [COUNT]) VALUES (186, 149, N'k3', 1)
INSERT [dbo].[BILLINFO] ([IDBILLINFO], [IDBILL], [IDITEM], [COUNT]) VALUES (188, 150, N'lttq', 1)
INSERT [dbo].[BILLINFO] ([IDBILLINFO], [IDBILL], [IDITEM], [COUNT]) VALUES (189, 150, N'LA04', 1)
INSERT [dbo].[BILLINFO] ([IDBILLINFO], [IDBILL], [IDITEM], [COUNT]) VALUES (190, 150, N'la123', 1)
INSERT [dbo].[BILLINFO] ([IDBILLINFO], [IDBILL], [IDITEM], [COUNT]) VALUES (193, 152, N'D05', 2)
INSERT [dbo].[BILLINFO] ([IDBILLINFO], [IDBILL], [IDITEM], [COUNT]) VALUES (194, 152, N'D06', 1)
INSERT [dbo].[BILLINFO] ([IDBILLINFO], [IDBILL], [IDITEM], [COUNT]) VALUES (196, 154, N'k3', 2)
INSERT [dbo].[BILLINFO] ([IDBILLINFO], [IDBILL], [IDITEM], [COUNT]) VALUES (198, 154, N'la123', 2)
INSERT [dbo].[BILLINFO] ([IDBILLINFO], [IDBILL], [IDITEM], [COUNT]) VALUES (199, 154, N'LA03', 1)
INSERT [dbo].[BILLINFO] ([IDBILLINFO], [IDBILL], [IDITEM], [COUNT]) VALUES (202, 157, N'K2', 1)
INSERT [dbo].[BILLINFO] ([IDBILLINFO], [IDBILL], [IDITEM], [COUNT]) VALUES (203, 158, N'L01', 1)
INSERT [dbo].[BILLINFO] ([IDBILLINFO], [IDBILL], [IDITEM], [COUNT]) VALUES (204, 159, N'L01', 1)
INSERT [dbo].[BILLINFO] ([IDBILLINFO], [IDBILL], [IDITEM], [COUNT]) VALUES (205, 160, N'LA04', 1)
INSERT [dbo].[BILLINFO] ([IDBILLINFO], [IDBILL], [IDITEM], [COUNT]) VALUES (207, 160, N'lttq', 1)
INSERT [dbo].[BILLINFO] ([IDBILLINFO], [IDBILL], [IDITEM], [COUNT]) VALUES (208, 160, N'D04', 1)
INSERT [dbo].[BILLINFO] ([IDBILLINFO], [IDBILL], [IDITEM], [COUNT]) VALUES (209, 161, N'L01', 1)
INSERT [dbo].[BILLINFO] ([IDBILLINFO], [IDBILL], [IDITEM], [COUNT]) VALUES (210, 161, N'LA04', 1)
INSERT [dbo].[BILLINFO] ([IDBILLINFO], [IDBILL], [IDITEM], [COUNT]) VALUES (211, 163, N'LA04', 1)
INSERT [dbo].[BILLINFO] ([IDBILLINFO], [IDBILL], [IDITEM], [COUNT]) VALUES (212, 163, N'la123', 1)
INSERT [dbo].[BILLINFO] ([IDBILLINFO], [IDBILL], [IDITEM], [COUNT]) VALUES (213, 164, N'k3', 1)
INSERT [dbo].[BILLINFO] ([IDBILLINFO], [IDBILL], [IDITEM], [COUNT]) VALUES (214, 164, N'lttq', 1)
INSERT [dbo].[BILLINFO] ([IDBILLINFO], [IDBILL], [IDITEM], [COUNT]) VALUES (215, 165, N'LA03', 3)
INSERT [dbo].[BILLINFO] ([IDBILLINFO], [IDBILL], [IDITEM], [COUNT]) VALUES (216, 165, N'k3', 1)
INSERT [dbo].[BILLINFO] ([IDBILLINFO], [IDBILL], [IDITEM], [COUNT]) VALUES (217, 165, N'D04', 2)
INSERT [dbo].[BILLINFO] ([IDBILLINFO], [IDBILL], [IDITEM], [COUNT]) VALUES (218, 166, N'L01', 1)
INSERT [dbo].[BILLINFO] ([IDBILLINFO], [IDBILL], [IDITEM], [COUNT]) VALUES (219, 167, N'lttq', 2)
INSERT [dbo].[BILLINFO] ([IDBILLINFO], [IDBILL], [IDITEM], [COUNT]) VALUES (220, 167, N'D04', 1)
INSERT [dbo].[BILLINFO] ([IDBILLINFO], [IDBILL], [IDITEM], [COUNT]) VALUES (221, 168, N'LA04', 3)
INSERT [dbo].[BILLINFO] ([IDBILLINFO], [IDBILL], [IDITEM], [COUNT]) VALUES (222, 168, N'la123', 2)
INSERT [dbo].[BILLINFO] ([IDBILLINFO], [IDBILL], [IDITEM], [COUNT]) VALUES (223, 168, N'K2', 2)
INSERT [dbo].[BILLINFO] ([IDBILLINFO], [IDBILL], [IDITEM], [COUNT]) VALUES (224, 169, N'k3', 1)
INSERT [dbo].[BILLINFO] ([IDBILLINFO], [IDBILL], [IDITEM], [COUNT]) VALUES (225, 169, N'K1', 1)
INSERT [dbo].[BILLINFO] ([IDBILLINFO], [IDBILL], [IDITEM], [COUNT]) VALUES (226, 170, N'lttq', 2)
INSERT [dbo].[BILLINFO] ([IDBILLINFO], [IDBILL], [IDITEM], [COUNT]) VALUES (227, 170, N'k3', 1)
INSERT [dbo].[BILLINFO] ([IDBILLINFO], [IDBILL], [IDITEM], [COUNT]) VALUES (228, 170, N'K2', 1)
INSERT [dbo].[BILLINFO] ([IDBILLINFO], [IDBILL], [IDITEM], [COUNT]) VALUES (229, 171, N'k3', 1)
INSERT [dbo].[BILLINFO] ([IDBILLINFO], [IDBILL], [IDITEM], [COUNT]) VALUES (230, 172, N'LA03', 1)
INSERT [dbo].[BILLINFO] ([IDBILLINFO], [IDBILL], [IDITEM], [COUNT]) VALUES (231, 173, N'K2', 2)
INSERT [dbo].[BILLINFO] ([IDBILLINFO], [IDBILL], [IDITEM], [COUNT]) VALUES (232, 173, N'k3', 1)
INSERT [dbo].[BILLINFO] ([IDBILLINFO], [IDBILL], [IDITEM], [COUNT]) VALUES (233, 174, N'k3', 1)
INSERT [dbo].[BILLINFO] ([IDBILLINFO], [IDBILL], [IDITEM], [COUNT]) VALUES (234, 174, N'D04', 2)
INSERT [dbo].[BILLINFO] ([IDBILLINFO], [IDBILL], [IDITEM], [COUNT]) VALUES (235, 175, N'L01', 1)
INSERT [dbo].[BILLINFO] ([IDBILLINFO], [IDBILL], [IDITEM], [COUNT]) VALUES (236, 175, N'lttq', 1)
INSERT [dbo].[BILLINFO] ([IDBILLINFO], [IDBILL], [IDITEM], [COUNT]) VALUES (237, 176, N'L01', 1)
INSERT [dbo].[BILLINFO] ([IDBILLINFO], [IDBILL], [IDITEM], [COUNT]) VALUES (238, 177, N'la123', 1)
INSERT [dbo].[BILLINFO] ([IDBILLINFO], [IDBILL], [IDITEM], [COUNT]) VALUES (239, 177, N'K2', 1)
INSERT [dbo].[BILLINFO] ([IDBILLINFO], [IDBILL], [IDITEM], [COUNT]) VALUES (240, 178, N'K1', 1)
INSERT [dbo].[BILLINFO] ([IDBILLINFO], [IDBILL], [IDITEM], [COUNT]) VALUES (241, 179, N'k3', 1)
INSERT [dbo].[BILLINFO] ([IDBILLINFO], [IDBILL], [IDITEM], [COUNT]) VALUES (242, 180, N'L01', 1)
INSERT [dbo].[BILLINFO] ([IDBILLINFO], [IDBILL], [IDITEM], [COUNT]) VALUES (243, 181, N'L01', 2)
INSERT [dbo].[BILLINFO] ([IDBILLINFO], [IDBILL], [IDITEM], [COUNT]) VALUES (244, 181, N'D05', 1)
INSERT [dbo].[BILLINFO] ([IDBILLINFO], [IDBILL], [IDITEM], [COUNT]) VALUES (245, 182, N'k3', 1)
INSERT [dbo].[BILLINFO] ([IDBILLINFO], [IDBILL], [IDITEM], [COUNT]) VALUES (246, 183, N'k3', 1)
INSERT [dbo].[BILLINFO] ([IDBILLINFO], [IDBILL], [IDITEM], [COUNT]) VALUES (247, 183, N'L01', 1)
INSERT [dbo].[BILLINFO] ([IDBILLINFO], [IDBILL], [IDITEM], [COUNT]) VALUES (248, 184, N'k3', 1)
INSERT [dbo].[BILLINFO] ([IDBILLINFO], [IDBILL], [IDITEM], [COUNT]) VALUES (249, 185, N'k3', 1)
INSERT [dbo].[BILLINFO] ([IDBILLINFO], [IDBILL], [IDITEM], [COUNT]) VALUES (250, 186, N'K2', 1)
INSERT [dbo].[BILLINFO] ([IDBILLINFO], [IDBILL], [IDITEM], [COUNT]) VALUES (251, 187, N'L01', 1)
INSERT [dbo].[BILLINFO] ([IDBILLINFO], [IDBILL], [IDITEM], [COUNT]) VALUES (252, 188, N'LA03', 1)
INSERT [dbo].[BILLINFO] ([IDBILLINFO], [IDBILL], [IDITEM], [COUNT]) VALUES (253, 189, N'K2', 1)
INSERT [dbo].[BILLINFO] ([IDBILLINFO], [IDBILL], [IDITEM], [COUNT]) VALUES (254, 190, N'D06', 1)
INSERT [dbo].[BILLINFO] ([IDBILLINFO], [IDBILL], [IDITEM], [COUNT]) VALUES (255, 191, N'LA04', 1)
INSERT [dbo].[BILLINFO] ([IDBILLINFO], [IDBILL], [IDITEM], [COUNT]) VALUES (256, 192, N'K1', 1)
INSERT [dbo].[BILLINFO] ([IDBILLINFO], [IDBILL], [IDITEM], [COUNT]) VALUES (257, 193, N'K2', 1)
INSERT [dbo].[BILLINFO] ([IDBILLINFO], [IDBILL], [IDITEM], [COUNT]) VALUES (258, 194, N'K2', 1)
INSERT [dbo].[BILLINFO] ([IDBILLINFO], [IDBILL], [IDITEM], [COUNT]) VALUES (259, 195, N'LA03', 1)
INSERT [dbo].[BILLINFO] ([IDBILLINFO], [IDBILL], [IDITEM], [COUNT]) VALUES (260, 196, N'k3', 1)
INSERT [dbo].[BILLINFO] ([IDBILLINFO], [IDBILL], [IDITEM], [COUNT]) VALUES (261, 197, N'k3', 1)
INSERT [dbo].[BILLINFO] ([IDBILLINFO], [IDBILL], [IDITEM], [COUNT]) VALUES (262, 198, N'K2', 1)
INSERT [dbo].[BILLINFO] ([IDBILLINFO], [IDBILL], [IDITEM], [COUNT]) VALUES (263, 199, N'K2', 1)
INSERT [dbo].[BILLINFO] ([IDBILLINFO], [IDBILL], [IDITEM], [COUNT]) VALUES (264, 199, N'LA03', 2)
INSERT [dbo].[BILLINFO] ([IDBILLINFO], [IDBILL], [IDITEM], [COUNT]) VALUES (265, 200, N'K1', 1)
INSERT [dbo].[BILLINFO] ([IDBILLINFO], [IDBILL], [IDITEM], [COUNT]) VALUES (266, 201, N'LA03', 1)
INSERT [dbo].[BILLINFO] ([IDBILLINFO], [IDBILL], [IDITEM], [COUNT]) VALUES (267, 202, N'K1', 1)
INSERT [dbo].[BILLINFO] ([IDBILLINFO], [IDBILL], [IDITEM], [COUNT]) VALUES (268, 203, N'LA03', 1)
INSERT [dbo].[BILLINFO] ([IDBILLINFO], [IDBILL], [IDITEM], [COUNT]) VALUES (269, 204, N'k3', 1)
INSERT [dbo].[BILLINFO] ([IDBILLINFO], [IDBILL], [IDITEM], [COUNT]) VALUES (270, 205, N'L01', 1)
INSERT [dbo].[BILLINFO] ([IDBILLINFO], [IDBILL], [IDITEM], [COUNT]) VALUES (271, 206, N'k3', 1)
INSERT [dbo].[BILLINFO] ([IDBILLINFO], [IDBILL], [IDITEM], [COUNT]) VALUES (272, 207, N'K1', 1)
INSERT [dbo].[BILLINFO] ([IDBILLINFO], [IDBILL], [IDITEM], [COUNT]) VALUES (273, 208, N'L01', 1)
INSERT [dbo].[BILLINFO] ([IDBILLINFO], [IDBILL], [IDITEM], [COUNT]) VALUES (274, 209, N'K1', 1)
INSERT [dbo].[BILLINFO] ([IDBILLINFO], [IDBILL], [IDITEM], [COUNT]) VALUES (275, 210, N'K2', 1)
INSERT [dbo].[BILLINFO] ([IDBILLINFO], [IDBILL], [IDITEM], [COUNT]) VALUES (276, 211, N'k3', 1)
INSERT [dbo].[BILLINFO] ([IDBILLINFO], [IDBILL], [IDITEM], [COUNT]) VALUES (277, 212, N'k3', 1)
INSERT [dbo].[BILLINFO] ([IDBILLINFO], [IDBILL], [IDITEM], [COUNT]) VALUES (278, 213, N'L01', 1)
INSERT [dbo].[BILLINFO] ([IDBILLINFO], [IDBILL], [IDITEM], [COUNT]) VALUES (279, 214, N'K2', 1)
INSERT [dbo].[BILLINFO] ([IDBILLINFO], [IDBILL], [IDITEM], [COUNT]) VALUES (280, 214, N'LA04', 1)
INSERT [dbo].[BILLINFO] ([IDBILLINFO], [IDBILL], [IDITEM], [COUNT]) VALUES (281, 215, N'k3', 1)
INSERT [dbo].[BILLINFO] ([IDBILLINFO], [IDBILL], [IDITEM], [COUNT]) VALUES (282, 216, N'k3', 1)
INSERT [dbo].[BILLINFO] ([IDBILLINFO], [IDBILL], [IDITEM], [COUNT]) VALUES (283, 217, N'L01', 1)
GO
INSERT [dbo].[BILLINFO] ([IDBILLINFO], [IDBILL], [IDITEM], [COUNT]) VALUES (284, 218, N'K2', 1)
INSERT [dbo].[BILLINFO] ([IDBILLINFO], [IDBILL], [IDITEM], [COUNT]) VALUES (285, 219, N'L01', 1)
INSERT [dbo].[BILLINFO] ([IDBILLINFO], [IDBILL], [IDITEM], [COUNT]) VALUES (286, 219, N'k3', 1)
INSERT [dbo].[BILLINFO] ([IDBILLINFO], [IDBILL], [IDITEM], [COUNT]) VALUES (287, 220, N'K1', 1)
INSERT [dbo].[BILLINFO] ([IDBILLINFO], [IDBILL], [IDITEM], [COUNT]) VALUES (288, 221, N'K2', 1)
INSERT [dbo].[BILLINFO] ([IDBILLINFO], [IDBILL], [IDITEM], [COUNT]) VALUES (289, 222, N'K1', 1)
INSERT [dbo].[BILLINFO] ([IDBILLINFO], [IDBILL], [IDITEM], [COUNT]) VALUES (290, 223, N'k3', 1)
INSERT [dbo].[BILLINFO] ([IDBILLINFO], [IDBILL], [IDITEM], [COUNT]) VALUES (291, 224, N'K1', 1)
INSERT [dbo].[BILLINFO] ([IDBILLINFO], [IDBILL], [IDITEM], [COUNT]) VALUES (292, 225, N'k3', 1)
INSERT [dbo].[BILLINFO] ([IDBILLINFO], [IDBILL], [IDITEM], [COUNT]) VALUES (293, 226, N'k3', 1)
INSERT [dbo].[BILLINFO] ([IDBILLINFO], [IDBILL], [IDITEM], [COUNT]) VALUES (294, 227, N'k3', 1)
INSERT [dbo].[BILLINFO] ([IDBILLINFO], [IDBILL], [IDITEM], [COUNT]) VALUES (295, 228, N'k3', 1)
INSERT [dbo].[BILLINFO] ([IDBILLINFO], [IDBILL], [IDITEM], [COUNT]) VALUES (296, 229, N'D06', 1)
INSERT [dbo].[BILLINFO] ([IDBILLINFO], [IDBILL], [IDITEM], [COUNT]) VALUES (297, 230, N'K2', 1)
INSERT [dbo].[BILLINFO] ([IDBILLINFO], [IDBILL], [IDITEM], [COUNT]) VALUES (298, 231, N'k3', 1)
INSERT [dbo].[BILLINFO] ([IDBILLINFO], [IDBILL], [IDITEM], [COUNT]) VALUES (299, 232, N'L01', 2)
INSERT [dbo].[BILLINFO] ([IDBILLINFO], [IDBILL], [IDITEM], [COUNT]) VALUES (300, 232, N'LA04', 1)
INSERT [dbo].[BILLINFO] ([IDBILLINFO], [IDBILL], [IDITEM], [COUNT]) VALUES (301, 233, N'L01', 2)
INSERT [dbo].[BILLINFO] ([IDBILLINFO], [IDBILL], [IDITEM], [COUNT]) VALUES (302, 233, N'D06', 1)
INSERT [dbo].[BILLINFO] ([IDBILLINFO], [IDBILL], [IDITEM], [COUNT]) VALUES (303, 234, N'K2', 2)
INSERT [dbo].[BILLINFO] ([IDBILLINFO], [IDBILL], [IDITEM], [COUNT]) VALUES (304, 234, N'k3', 1)
INSERT [dbo].[BILLINFO] ([IDBILLINFO], [IDBILL], [IDITEM], [COUNT]) VALUES (305, 234, N'la123', 1)
INSERT [dbo].[BILLINFO] ([IDBILLINFO], [IDBILL], [IDITEM], [COUNT]) VALUES (306, 235, N'LA04', 1)
INSERT [dbo].[BILLINFO] ([IDBILLINFO], [IDBILL], [IDITEM], [COUNT]) VALUES (307, 236, N'D06', 1)
INSERT [dbo].[BILLINFO] ([IDBILLINFO], [IDBILL], [IDITEM], [COUNT]) VALUES (308, 237, N'D06', 2)
INSERT [dbo].[BILLINFO] ([IDBILLINFO], [IDBILL], [IDITEM], [COUNT]) VALUES (309, 237, N'LA04', 1)
INSERT [dbo].[BILLINFO] ([IDBILLINFO], [IDBILL], [IDITEM], [COUNT]) VALUES (310, 238, N'la123', 1)
INSERT [dbo].[BILLINFO] ([IDBILLINFO], [IDBILL], [IDITEM], [COUNT]) VALUES (311, 240, N'D03', 3)
INSERT [dbo].[BILLINFO] ([IDBILLINFO], [IDBILL], [IDITEM], [COUNT]) VALUES (313, 243, N'D05', 1)
GO
SET IDENTITY_INSERT [dbo].[BILLINFO] OFF
GO
